temp_city,temp_state,temp_abbr,Summer Temp,Winter Temp
Birmingham,Alabama,AL,82.1,45.1
Huntsville,Alabama,AL,80,42.9
Mobile,Alabama,AL,82.8,51.5
Montgomery,Alabama,AL,83.7,48.5
Alexander,Arkansas,AR,81.9,41.8
Benton,Arkansas,AR,92,27
Bryant,Arkansas,AR,92,27
Fort Smith,Arkansas,AR,83,40
Jacksonville,Arkansas,AR,81.9,41.8
Little Rock,Arkansas,AR,81.9,41.8
Mabelvale,Arkansas,AR,81.9,41.8
Maumelle,Arkansas,AR,81.9,41.8
North little Rock,Arkansas,AR,81.9,41.8
Paron,Arkansas,AR,90,28
Scott,Arkansas,AR,81.9,41.8
Sherwood,Arkansas,AR,81.9,41.8
Flagstaff,Arizona,AZ,67.3,30.8
Phoenix,Arizona,AZ,96.8,56
Tucson,Arizona,AZ,89.3,52.7
Yuma,Arizona,AZ,95.9,55.6
Arleta,California,CA,79,51
Atwater Village,California,CA,79,51
Beverly Hills,California,CA,79,51
Bonita,California,CA,78,46
Brentwood,California,CA,73,44
Calabasas,California,CA,94,40
Canoga Park,California,CA,69.7,57.7
Chatsworth,California,CA,69.7,57.7
Chula Vista,California,CA,78,46
City Heights,California,CA,76,49
City Terrace,California,CA,69.7,57.7
Culver City,California,CA,79,48
Del Mar,California,CA,76,49
Eagle Rock,California,CA,88,42
Echo Park,California,CA,69.7,57.7
El Segundo,California,CA,70,50
Encino,California,CA,69.7,57.7
Escondido,California,CA,89,43
Eureka,California,CA,61.9,49.5
Fresno,California,CA,83.8,51.5
Gardena,California,CA,78,49
Glendale,California,CA,88,42
Granada Hills,California,CA,69.7,57.7
Harbor City,California,CA,84,46
Hollywood Hills,California,CA,88,42
Imperial Beach,California,CA,75,47
La Jolla,California,CA,76,49
La Mesa,California,CA,85,46
Lake Balboa,California,CA,88,42
Lemon Grove,California,CA,85,46
Los Angeles,California,CA,79,51
Marina Del Rey,California,CA,70,50
Mission Hills,California,CA,88,42
Monterey Hills,California,CA,91,48
North Hills,California,CA,91,48
North Hollywood,California,CA,88,42
Northridge,California,CA,88,42
Pacific Beach,California,CA,76,49
Pacific Palisades,California,CA,76,49
Pacoima,California,CA,91,48
Panorama City,California,CA,91,48
Paradise Hills,California,CA,76,49
Playa Del Rey,California,CA,70,50
Playa Vista,California,CA,88,42
Porter Ranch,California,CA,88,42
Rancho Palos Verdes,California,CA,82,46
Sacramento,California,CA,77.9,50.2
San Diego,California,CA,76,49
San Francisco,California,CA,67.2,54
San Pedro,California,CA,76,49
San Ysidro,California,CA,76,49
Santa Monica,California,CA,70,50
Santee,California,CA,76,49
Scripps Miramar,California,CA,76,49
Shadow Hills,California,CA,88,42
Sherman Oaks,California,CA,88,42
Solana Beach,California,CA,76,49
Studio City,California,CA,88,42
Sun Valley,California,CA,79,51
Sunland,California,CA,88,42
Sylmar,California,CA,88,42
Tarzana,California,CA,69.7,57.7
Toluca Lake,California,CA,88,42
Torrance,California,CA,78,46
Tujunga,California,CA,88,42
Valley Glen,California,CA,88,42
Valley Village,California,CA,88,42
Van Nuys,California,CA,88,42
Venice,California,CA,70,50
West Hills,California,CA,88,42
West Hollywood,California,CA,88,42
Wilmington,California,CA,78,46
Windsor Hills,California,CA,83,37
Winnetka,California,CA,88,42
Woodland Hills,California,CA,88,42
Alamosa,Colorado,CO,64.2,8.9
Colorado Springs,Colorado,CO,73.1,33.1
Grand Junction,Colorado,CO,78.9,26.9
Pueblo,Colorado,CO,78.1,33.6
Bridgeport,Connecticut,CT,74.4,31.3
Hartford,Connecticut,CT,72.8,26
Washington DC,,DC,84,27
Wilmington,Delaware,DE,76.7,32.6
Daytona Beach,Florida,FL,82.9,59
Fort Myers,Florida,FL,83.4,63.5
Homestead,Florida,FL,90,56
Jacksonville,Florida,FL,83.1,54.9
Key West,Florida,FL,85.2,69.6
Miami,Florida,FL,84.1,68.6
Miami,Florida,FL,91,60
Orlando,Florida,FL,83.6,60.6
Tallahassee,Florida,FL,83.6,52.4
Tampa,Florida,FL,84.6,61.6
West Palm Beach,Florida,FL,83.8,65.3
Atlanta,Georgia,GA,82.5,45.9
Augusta,Georgia,GA,82.6,49.1
Columbus,Georgia,GA,83.7,49.7
Macon,Georgia,GA,82.8,48.8
Savannah,Georgia,GA,83.5,52.4
Captain Cook,Hawaii,HI,79,55
Hilo,Hawaii,HI,78.4,71.8
Honolulu Intl. Airport,Hawaii,HI,85.6,75.2
Honolulu Zoo,Hawaii,HI,83.4,-99
Kahului,Hawaii,HI,82.3,71.6
Kapalua,Hawaii,HI,81,72.5
Kula,Hawaii,HI,68.5,60.1
Lihue,Hawaii,HI,81.8,72.3
Des Moines,Iowa,IA,73.2,21
Dubuque,Iowa,IA,68.3,15.6
Sioux City,Iowa,IA,71.2,21.8
Waterloo,Iowa,IA,69.2,16.7
Boise,Idaho,ID,76.9,35.4
Boise,Idaho,ID,90,25
Eagle,Idaho,ID,90,25
Garden City,Idaho,ID,90,25
Lewiston,Idaho,ID,76.9,36.9
Meridian,Idaho,ID,89,21
Pocatello,Idaho,ID,69.3,25.2
Chicago,Illinois,IL,72.9,21.1
Moline,Illinois,IL,73,19.8
Peoria,Illinois,IL,73.5,22.6
Rockford,Illinois,IL,71.5,18.2
Springfield,Illinois,IL,74.2,26.9
Evansville,Indiana,IN,76.6,33
Fort Wayne,Indiana,IN,71.1,25.5
Indianapolis,Indiana,IN,74.7,27.5
South Bend,Indiana,IN,70,21.1
Dodge City,Kansas,KS,80.3,33.6
Goodland,Kansas,KS,73.9,32.2
Topeka,Kansas,KS,76.6,29.7
Wichita,Kansas,KS,79.8,33.5
Lexington,Kentucky,KY,76.3,33.9
Louisville,Kentucky,KY,79.8,35.3
Paducah,Kentucky,KY,78.5,36.7
Baton Rouge,Louisiana,LA,84.3,51.3
Monroe,Louisiana,LA,84.4,47.6
New Orleans,Louisiana,LA,84.5,54.4
Shreveport,Louisiana,LA,86.1,47.9
Blue Hill,Massachusetts,MA,71.4,27.4
Boston,Massachusetts,MA,73.7,30.8
Brookline,Massachusetts,MA,73.7,30.8
Cambridge,Massachusetts,MA,73.7,30.8
Newton,Massachusetts,MA,82,16
Somerville,Massachusetts,MA,73.7,30.8
Worcester,Massachusetts,MA,69.3,23.3
Baltimore,Maryland,MD,77.9,33.5
Oxon Hill,Maryland,MD,87,29
Salisbury,Maryland,MD,77.5,36
Silver Spring,Maryland,MD,83,24
Takoma Park,Maryland,MD,83,24
Bangor,Maine,ME,67.3,18.7
Caribou,Maine,ME,65.1,10.7
Portland,Maine,ME,68.6,23.1
Detroit,Michigan,MI,73.1,24
Flint,Michigan,MI,70.3,20.8
Grand Rapids,Michigan,MI,70.8,21.9
Muskegon,Michigan,MI,70.3,22.8
Sault Ste. Marie,Michigan,MI,65.9,11.4
Duluth,Minnesota,MN,66.1,7.8
International Falls,Minnesota,MN,62.4,0.3
Minneapolis,Minnesota,MN,71,14.4
Rochester,Minnesota,MN,66.7,12.3
St. Paul,Minnesota,MN,71,14.4
Columbia,Missouri,MO,76.5,30.4
Deerfield,Missouri,MO,90,22
Kansas City,Missouri,MO,76,28.2
Nevada,Missouri,MO,90,22
Springfield,Missouri,MO,77.6,34.4
St. Louis,Missouri,MO,78.3,30.8
Jackson,Mississippi,MS,82.5,47.2
Tupelo,Mississippi,MS,81.9,43.5
Billings,Montana,MT,72.7,29
Glasgow,Montana,MT,70.2,22.3
Great Falls,Montana,MT,66.8,29.8
Helena,Montana,MT,69.1,25.1
Missoula,Montana,MT,68.4,25.1
Asheville,North Carolina,NC,74,39.1
Cape Hatteras,North Carolina,NC,81.3,47.7
Charlotte,North Carolina,NC,79.4,43.9
Greensboro,North Carolina,NC,77.5,40.6
Raleigh,North Carolina,NC,78.4,42.1
Wilmington,North Carolina,NC,81.3,46.6
Bismarck,North Dakota,ND,67.5,13.1
Dickinson,North Dakota,ND,66.5,18
Fargo,North Dakota,ND,66.5,6.5
Grand Forks,North Dakota,ND,66.5,2.2
Minot,North Dakota,ND,67.3,12
Williston,North Dakota,ND,68,17
Grand Island,Nebraska,NE,72.6,27.1
Norfolk,Nebraska,NE,71.8,23.3
North Platte,Nebraska,NE,72.6,29
Omaha,Nebraska,NE,75.4,24.7
Scottsbluff,Nebraska,NE,73.1,30.5
Concord,New Hampshire,NH,68.4,21.8
Atlantic City,New Jersey,NJ,76.2,33
Albuquerque,New Mexico,NM,79.6,36
Roswell,New Mexico,NM,85,41.8
Blue Diamond,Nevada,NV,94.3,50.3
Carson City,Nevada,NV,77.7,39.3
Elko,Nevada,NV,71,29
Ely,Nevada,NV,68,28.5
Henderson,Nevada,NV,100,31
Las Vegas,Nevada,NV,94.3,50.3
Reno,Nevada,NV,77.7,39.3
Albany,New York,NY,71.7,23.4
Bayside,New York,NY,75.5,32.6
Bellerose,New York,NY,83,26
Bensonhurst,New York,NY,75.5,32.6
Binghamton,New York,NY,66.8,20.5
Briarwood,New York,NY,75.5,32.6
Bronx,New York,NY,75.5,32.6
Brooklyn,New York,NY,75.5,32.6
Buffalo,New York,NY,70.3,23.1
Bushwick,New York,NY,75.5,32.6
Canarsie,New York,NY,75.5,32.6
College Point,New York,NY,75.5,32.6
Cornwall,New York,NY,83,20
Corona,New York,NY,75.5,32.6
Douglaston,New York,NY,75.5,32.6
E. Elmhurst,New York,NY,75.5,32.6
Elmhurst,New York,NY,75.5,32.6
Elmont,New York,NY,75.5,32.6
Far Rockaway,New York,NY,75.5,32.6
Flatlands,New York,NY,75.5,32.6
Floral Park,New York,NY,83,26
Flushing,New York,NY,75.5,32.6
Forest Hills,New York,NY,75.5,32.6
Fresh Meadows,New York,NY,75.5,32.6
Glen Oaks,New York,NY,75.5,32.6
Glendale,New York,NY,75.5,32.6
Hollis,New York,NY,75.5,32.6
Howard Beach,New York,NY,75.5,32.6
Jackson Heights,New York,NY,75.5,32.6
Jamaica,New York,NY,75.5,32.6
Kew Garden Hills,New York,NY,75.5,32.6
Kew Gardens,New York,NY,75.5,32.6
Laurelton,New York,NY,75.5,32.6
Little Neck,New York,NY,75.5,32.6
Malba,New York,NY,75.5,32.6
Maspeth,New York,NY,75.5,32.6
Middle Village,New York,NY,75.5,32.6
New York,New York,NY,75.5,32.6
Ozone Park,New York,NY,75.5,32.6
Queens,New York,NY,75.5,32.6
Rego Park,New York,NY,75.5,32.6
Richmond Hill,New York,NY,75.5,32.6
Ridgewood,New York,NY,75.5,32.6
S. Ozone Park,New York,NY,75.5,32.6
St. Albans,New York,NY,75.5,32.6
Staten Island,New York,NY,75.5,32.6
Stuyvesant Hts,New York,NY,75.5,32.6
Syracuse,New York,NY,69.3,22.1
Valley Stream,New York,NY,75.5,32.6
Whitestone,New York,NY,75.5,32.6
Woodhaven,New York,NY,75.5,32.6
Woodside,New York,NY,75.5,32.6
Yonkers,New York,NY,75.5,32.6
Akron,Ohio,OH,72.8,26.9
Cincinnati,Ohio,OH,75.7,30.5
Cleveland,Ohio,OH,73,28
Columbus,Ohio,OH,74.5,29.5
Toledo,Ohio,OH,73.4,24.9
Bethany,Oklahoma,OK,92,28
Choctaw,Oklahoma,OK,94,28
Del City,Oklahoma,OK,82,37.4
Edmond,Oklahoma,OK,82,37.4
Jones,Oklahoma,OK,82,37.4
Luther,Oklahoma,OK,82,37.4
McLoud,Oklahoma,OK,82,37.4
Moore,Oklahoma,OK,82,37.4
Mustang,Oklahoma,OK,82,37.4
Newalla,Oklahoma,OK,82,37.4
Nichols Hills,Oklahoma,OK,92,28
Norman,Oklahoma,OK,92,27
Oklahoma City,Oklahoma,OK,82,37.4
Piedmont,Oklahoma,OK,82,37.4
The Village,Oklahoma,OK,82,37.4
Tulsa,Oklahoma,OK,82.3,38
Warr Acres,Oklahoma,OK,92,28
Yukon,Oklahoma,OK,92,28
Astoria,Oregon,OR,63.4,45.3
Eugene,Oregon,OR,69.9,41.7
Gresham,Oregon,OR,81,36
Happy Valley,Oregon,OR,81,36
Lake Oswego,Oregon,OR,81,36
Medford,Oregon,OR,75.8,42.3
Milwaukie,Oregon,OR,81,36
Pendleton,Oregon,OR,73.3,36.7
Portland,Oregon,OR,81,36
Salem,Oregon,OR,71,42.8
Tigard,Oregon,OR,81,36
Allentown,Pennsylvania,PA,75,30.4
Erie,Pennsylvania,PA,72,26.9
Harrisburg,Pennsylvania,PA,77,31.1
Philadelphia,Pennsylvania,PA,77.8,33.4
Pittsburgh,Pennsylvania,PA,71.9,27.6
Scranton,Pennsylvania,PA,72,26.3
Williamsport,Pennsylvania,PA,72,27.2
Providence,Rhode Island,RI,73.3,29.2
Charleston,South Carolina,SC,81.9,50.9
Columbia,South Carolina,SC,83,48.1
Greenville,South Carolina,SC,78.5,43.7
Aberdeen,South Dakota,SD,68.1,10.1
Pierre,South Dakota,SD,69.3,20.1
Rapid City,South Dakota,SD,67.8,26.6
Sioux Falls,South Dakota,SD,69.7,17
Antioch,Tennesse,TN,88,27
Brentwood,Tennesse,TN,89,25
Chattanooga,Tennesse,TN,81.4,42.7
Franklin,Tennesse,TN,90,27
Goodlettsville,Tennesse,TN,87,25
Hermitage,Tennesse,TN,80.3,40.1
Jackson,Tennesse,TN,78.6,39.3
Joelton,Tennesse,TN,80.3,40.1
Johnson City,Tennesse,TN,75.2,38.3
Knoxville,Tennesse,TN,78.7,40.6
Madison,Tennesse,TN,80.3,40.1
Memphis,Tennesse,TN,82.2,41.9
Mount Juliet,Tennesse,TN,88,27
Nashville,Tennesse,TN,80.3,40.1
Nolensville,Tennesse,TN,90,27
Old Hickory,Tennesse,TN,80.3,40.1
Whites Creek,Tennesse,TN,80.3,40.1
Abilene,Texas,TX,86.6,45.3
Amarillo,Texas,TX,81.8,39.7
Austin,Texas,TX,89.9,51.6
Brownsville,Texas,TX,89.3,62.8
Corpus Christi,Texas,TX,87.4,57.7
Dallas,Texas,TX,88.9,47.6
Del Rio,Texas,TX,90.7,53.5
El Paso,Texas,TX,87.6,46.8
Houston,Texas,TX,86.7,54.5
Lubbock,Texas,TX,84.4,42.6
Midland,Texas,TX,87.7,46.1
San Antonio,Texas,TX,88.6,52.2
Wichita Falls,Texas,TX,86.4,42.1
Cedar City,Utah,UT,73.9,28.9
Salt Lake City,Utah,UT,80.3,31
Alexandria,Virginia,VA,87,29
Norfolk,Virginia,VA,79.6,42.7
Richmond,Virginia,VA,79,39.2
Roanoke,Virginia,VA,77,36.3
Burlington,Vermont,VT,70.2,17.5
Montpelier,Vermont,VT,64.5,13.7
Olympia,Washington,WA,65.4,40.6
Seattle,Washington,WA,69.1,45
Shoreline,Washington,WA,69.1,45
Spokane,Washington,WA,72.1,31
Vancouver,Washington,WA,79,33
Yakima,Washington,WA,72.8,33.9
Allenton,Wisconsin,WI,80,11
Bayside,Wisconsin,WI,79,11
Beaver Dam,Wisconsin,WI,80,9
Belgium,Wisconsin,WI,78,13
Beloit,Wisconsin,WI,81,13
Bristol,Wisconsin,WI,78,16
Brookfield,Wisconsin,WI,80,12
Brown Deer,Wisconsin,WI,79,11
Brownsville,Wisconsin,WI,80,11
Campbellsport,Wisconsin,WI,80,11
Cascade,Wisconsin,WI,78,13
Cedar Grove,Wisconsin,WI,78,13
Cedarburg,Wisconsin,WI,79,11
Clinton,Wisconsin,WI,80,10
Colgate,Wisconsin,WI,79,11
Columbus,Wisconsin,WI,80,10
Cudahy,Wisconsin,WI,71.5,21.3
Darien,Wisconsin,WI,80,10
Delafield,Wisconsin,WI,80,10
Delavan,Wisconsin,WI,80,10
Dousman,Wisconsin,WI,80,11
Eagle,Wisconsin,WI,80,11
East Troy,Wisconsin,WI,80,11
Edgerton,Wisconsin,WI,81,11
Elkhorn,Wisconsin,WI,80,10
Fond Du Lac,Wisconsin,WI,80,11
Fontana,Wisconsin,WI,80,10
Fort Atkinson,Wisconsin,WI,81,11
Fox Lake,Wisconsin,WI,80,10
Fox Point,Wisconsin,WI,79,11
Franklin,Wisconsin,WI,80,11
Genoa City,Wisconsin,WI,82,10
Germantown,Wisconsin,WI,79,11
Glendale,Wisconsin,WI,79,11
Grafton,Wisconsin,WI,80,11
Green Bay,Wisconsin,WI,67.9,16
Greenfield,Wisconsin,WI,80,11
Hales Corners,Wisconsin,WI,81,10
Hartford,Wisconsin,WI,79,9
Hartland,Wisconsin,WI,80,10
Hubertus,Wisconsin,WI,78,8
Jackson,Wisconsin,WI,79,11
Janesville,Wisconsin,WI,81,11
Jefferson,Wisconsin,WI,81,10
Johnson Creek,Wisconsin,WI,81,11
Kansasville,Wisconsin,WI,79,11
Kenosha,Wisconsin,WI,78,16
La Crosse,Wisconsin,WI,71.9,15.7
Lake Geneva,Wisconsin,WI,83,12
Lisbon,Wisconsin,WI,79,11
Madison,Wisconsin,WI,68.5,16.1
Mayville,Wisconsin,WI,80,11
Menomonee Falls,Wisconsin,WI,79,11
Mequon,Wisconsin,WI,79,11
Milton,Wisconsin,WI,81,11
Milwaukee,Wisconsin,WI,71.5,21.3
Mount Pleasant,Wisconsin,WI,80,11
Mukwonago,Wisconsin,WI,80,11
Muskego,Wisconsin,WI,79,11
New Berlin,Wisconsin,WI,80,11
Oak Creek,Wisconsin,WI,79,11
Oconomowoc,Wisconsin,WI,80,10
Oostburg,Wisconsin,WI,78,13
Pewaukee,Wisconsin,WI,79,11
Pleasant Prairie,Wisconsin,WI,79,11
Plymouth,Wisconsin,WI,79,11
Port Washington,Wisconsin,WI,78,13
Racine,Wisconsin,WI,77,15
Random Lake,Wisconsin,WI,81,12
Saint Francis,Wisconsin,WI,77,15
Salem,Wisconsin,WI,81,12
Sheboygan,Wisconsin,WI,80,13
Sheboygan Falls,Wisconsin,WI,80,13
Slinger,Wisconsin,WI,79,11
South Milwaukee,Wisconsin,WI,79,14
Sturtevant,Wisconsin,WI,81,12
Sullivan,Wisconsin,WI,80,11
Summit,Wisconsin,WI,80,10
Sussex,Wisconsin,WI,79,11
Trevor,Wisconsin,WI,81,12
Twin Lakes,Wisconsin,WI,80,10
Union Grove,Wisconsin,WI,80,12
Wales,Wisconsin,WI,80,10
Walworth,Wisconsin,WI,80,10
Waterford,Wisconsin,WI,80,11
Waterloo,Wisconsin,WI,81,11
Watertown,Wisconsin,WI,80,10
Waukesha,Wisconsin,WI,80,11
Waupun,Wisconsin,WI,80,10
Wausau,Wisconsin,WI,65.3,12.5
Wauwatosa,Wisconsin,WI,80,10
West Allis,Wisconsin,WI,80,13
West Bend,Wisconsin,WI,79,11
Whitefish Bay,Wisconsin,WI,79,11
Whitewater,Wisconsin,WI,80,11
Williams Bay,Wisconsin,WI,80,10
Beckley,West Virginia,WV,70.8,31
Charleston,West Virginia,WV,75.6,35.2
Elkins,West Virginia,WV,71,28.7
Huntington,West Virginia,WV,75.3,35.1
Casper,Wyoming,WY,69.7,26.9
Cheyenne,Wyoming,WY,70.5,31
Lander,Wyoming,WY,70.9,17.9
Sheridan,Wyoming,WY,69.3,27.1